Agents,Humans
40.8,48.38709677
58,54.83870968
65.6,58.06451613
69.6,61.29032258
